framework,workload,dataset_size,mean_time_s,std_time_s,mean_peak_memory_mb,std_peak_memory_mb,mean_throughput_rows_per_s,std_throughput_rows_per_s,mean_n_rows,dataset_size_gb,n_runs,mean_peak_memory_gb,std_peak_memory_gb,mean_throughput_mrows_per_s,memory_per_input_gb,runtime_cv,memory_cv
pandas,filter,5GB,13.697166666666666,0.007322112627740444,4858.973333333333,36.86314464791773,504998.0,270.1407040784487,6917051.0,5.0,3,4.745091145833333,0.03599916469523216,0.504998,0.9490182291666667,0.0005345713318623398,0.007586611845558128
polars_lazy,filter,5GB,2.6349666666666667,0.5389857357419893,2799.2533333333336,60.19786734871346,2710825.3333333335,628713.5659076661,6917051.0,5.0,3,2.7336458333333336,0.05878697983272799,2.7108253333333336,0.5467291666666667,0.20455125393439105,0.021504972998292446
polars_eager,filter,5GB,1.1532666666666667,0.053173803073819435,3287.26,63.830258498615144,6006113.333333333,272626.6781889355,6917051.0,5.0,3,3.21021484375,0.06233423681505385,6.006113333333333,0.64204296875,0.046107118683582374,0.01941746576133775
dask,filter,5GB,2.2589666666666663,0.014819356711184707,4801.816666666667,78.40080696863585,3062173.6666666665,20013.623493344083,6917051.0,5.0,3,4.689274088541667,0.07656328805530845,3.0621736666666663,0.9378548177083333,0.00656023700121798,0.016327322013953576
pandas,groupby,5GB,15.017066666666667,0.08246558878303983,4738.736666666667,18.110023007531765,460622.3333333333,2525.1151128876018,6917051.0,5.0,3,4.627672526041667,0.01768556934329274,0.4606223333333333,0.9255345052083334,0.005491457860148442,0.0038216985414956093
polars_lazy,groupby,5GB,2.0560333333333336,0.03826151242872312,2639.4866666666667,185.36283401300642,3365096.0,62089.00918036944,6917051.0,5.0,3,2.5776236979166667,0.18101839259082658,3.365096,0.5155247395833333,0.018609383324876272,0.07022684992271468
polars_eager,groupby,5GB,1.7393,0.0124663547198049,3747.183333333333,50.53038129020341,3977081.3333333335,28594.2157495766,6917051.0,5.0,3,3.659358723958333,0.049346075478714266,3.9770813333333335,0.7318717447916666,0.007167455137011959,0.013484897000023149
dask,groupby,5GB,1.0650666666666666,0.013428824718989263,2362.83,19.5300563235235,6495157.666666667,81225.87273358976,6917051.0,5.0,3,2.307451171875,0.019072320628440918,6.495157666666667,0.461490234375,0.012608435827794126,0.008265535956257328
pandas,join,5GB,23.29443333333333,0.1594325667275475,6428.676666666666,106.03284412545656,296949.3333333333,2026.7314408508487,6917051.0,5.0,3,6.278004557291666,0.10354769934126618,0.2969493333333333,1.2556009114583333,0.006844234605158064,0.01649372796663542
polars_lazy,join,5GB,6.302066666666666,0.03747216744909877,4691.296666666666,37.28975373119725,1097610.0,6550.948633594985,6917051.0,5.0,3,4.581344401041666,0.036415775128122316,1.09761,0.9162688802083332,0.005946012543361243,0.007948709361348694
polars_eager,join,5GB,1.7512666666666667,0.08340721391662317,4582.3,73.83661490073841,3955662.6666666665,188010.6203232502,6917051.0,5.0,3,4.47490234375,0.07210606923900235,3.9556626666666665,0.89498046875,0.047626792369307835,0.016113439735665147
dask,join,5GB,14.672066666666666,0.9073047852476774,11003.843333333332,280.3714652623081,472610.3333333333,28295.818707599425,6917051.0,5.0,3,10.745940755208332,0.27380025904522276,0.4726103333333333,2.1491881510416664,0.06183892193653774,0.025479412671479462
pandas,pipeline,5GB,18.902966666666668,0.06869791360247722,5759.4766666666665,26.095130452505877,365927.3333333333,1330.9249916254919,6917051.0,5.0,3,5.6244889322916665,0.02548352583252527,0.3659273333333333,1.1248977864583334,0.0036342397896526233,0.00453081624647133
polars_lazy,pipeline,5GB,5.434233333333334,0.05305396623564791,3526.066666666667,9.441643571610621,1272947.6666666667,12416.152477049132,6917051.0,5.0,3,3.443424479166667,0.009220355050400997,1.2729476666666668,0.6886848958333334,0.009762916492786084,0.002677670181583999
polars_eager,pipeline,5GB,2.542866666666667,0.011922387903995264,4211.06,20.540153358726315,2720199.6666666665,12827.088380974657,6917051.0,5.0,3,4.11236328125,0.020058743514381167,2.7201996666666663,0.8224726562500001,0.00468856195265,0.004877668178255906
dask,pipeline,5GB,21.166700000000002,0.11908803466343676,3885.35,140.46516543257275,326796.3333333333,1835.812717390681,6917051.0,5.0,3,3.794287109375,0.13717301311774682,0.3267963333333333,0.7588574218749999,0.005626197501898584,0.036152512754982886
pandas,filter,10GB,28.712933333333336,0.10299754042370775,8794.096666666666,131.39369860588172,481811.3333333333,1729.9451821758196,13834103.0,10.0,3,8.587985026041666,0.12831415879480637,0.4818113333333333,0.8587985026041667,0.0035871479666668587,0.01494112511907212
polars_lazy,filter,10GB,3.6227666666666667,0.09644025784563898,5149.633333333333,29.63553666349482,3820478.3333333335,102118.47208185865,13834103.0,10.0,3,5.028938802083333,0.02894095377294416,3.8204783333333334,0.5028938802083334,0.026620609804377585,0.005754882871303747
polars_eager,filter,10GB,2.753366666666667,0.08543590189922111,6539.639999999999,11.272581780586307,5027578.333333333,153465.04622986095,13834103.0,10.0,3,6.386367187499999,0.011008380645103816,5.027578333333333,0.6386367187499999,0.031029612922078825,0.001723731242176375
dask,filter,10GB,4.7076,0.08208184939436981,9484.33,378.37254670496407,2939260.6666666665,51618.747024054435,13834103.0,10.0,3,9.262041015625,0.36950444014156647,2.9392606666666663,0.9262041015625,0.017436028845774876,0.03989449404491029
pandas,groupby,10GB,31.533200000000004,0.3086860703044446,8639.57,77.52297272421902,438743.0,4271.24794410252,13834103.0,10.0,3,8.437080078125,0.07570602805099513,0.438743,0.8437080078125,0.00978924023900031,0.008973012861082093
polars_lazy,groupby,10GB,3.042333333333333,0.05970270792295236,3654.2766666666666,168.3767698743901,4548407.666666667,89752.22012481559,13834103.0,10.0,3,3.5686295572916666,0.1644304393304591,4.548407666666667,0.35686295572916665,0.019623986388611493,0.04607663437480745
polars_eager,groupby,10GB,4.062366666666667,0.08036767592342886,7756.95,135.3121827478962,3406329.6666666665,67153.86809658342,13834103.0,10.0,3,7.575146484375,0.13214080346474238,3.4063296666666667,0.7575146484374999,0.019783461838360772,0.01744399316070056
dask,groupby,10GB,1.8945333333333334,0.013211484902664522,4239.913333333333,53.00786199549423,7302364.0,50921.03748943063,13834103.0,10.0,3,4.140540364583333,0.051765490229974835,7.302364,0.4140540364583333,0.006973477146173827,0.012502109790489642
pandas,join,10GB,44.812466666666666,0.5394635977833289,11122.753333333334,111.19511515050166,308740.6666666667,3713.2950776006583,13834103.0,10.0,3,10.862063802083334,0.10858897963916178,0.30874066666666666,1.0862063802083335,0.012038248235609932,0.00999708541744475
polars_lazy,join,10GB,9.442300000000001,0.09787394954736349,7978.21,28.106303563435706,1465222.6666666667,15260.815880330001,13834103.0,10.0,3,7.791220703125,0.02744756207366768,1.4652226666666668,0.7791220703125,0.01036547764287975,0.0035228833990877282
polars_eager,join,10GB,3.4277333333333337,0.03944570107544458,7702.490000000001,59.76650901633805,4036282.6666666665,46787.15751499903,13834103.0,10.0,3,7.521962890625001,0.058365731461267625,4.036282666666667,0.7521962890625,0.011507809167023274,0.007759375087320859
dask,join,10GB,62.95336666666666,2.84775598732289,9793.143333333333,219.75073727597223,220044.0,9700.599517555604,13834103.0,10.0,3,9.563616536458333,0.21460032937106663,0.220044,0.9563616536458334,0.04523596017352882,0.022439244458722196
pandas,pipeline,10GB,36.522666666666666,0.1532356790481028,9527.373333333335,69.01589406313059,378785.3333333333,1585.3682011864962,13834103.0,10.0,3,9.304075520833335,0.06739833404602597,0.3787853333333333,0.9304075520833335,0.004195632275338679,0.007243958187474957
polars_lazy,pipeline,10GB,6.450466666666666,0.04955000840901372,4291.3533333333335,58.00520177823104,2144759.6666666665,16406.442586171284,13834103.0,10.0,3,4.1907747395833335,0.05664570486155375,2.1447596666666664,0.41907747395833334,0.007681616070518989,0.013516762026485283
polars_eager,pipeline,10GB,4.821766666666666,0.07164142191032591,8114.06,42.54262450766289,2869507.3333333335,42544.46265183441,13834103.0,10.0,3,7.92388671875,0.041545531745764544,2.8695073333333334,0.7923886718750001,0.014857919692711368,0.005243074922746799
dask,pipeline,10GB,24.7833,2.1049737314275436,3858.5466666666666,519.0617772802515,561021.0,49783.05754973272,13834103.0,10.0,3,3.7681119791666666,0.5068962668752456,0.561021,0.3768111979166667,0.08493516728714673,0.13452261229968748
pandas,filter,20GB,196.3627,5.759176042629719,11882.79,188.7490471499128,140984.33333333334,4148.4826543368,27668206.0,20.0,3,11.604287109375,0.18432524135733672,0.14098433333333335,0.58021435546875,0.029329277111333873,0.01588423654292576
polars_lazy,filter,20GB,8.287866666666666,0.10614077130553332,9754.466666666667,25.42475630823845,3338768.6666666665,42492.5944646045,27668206.0,20.0,3,9.525846354166667,0.02482886358226411,3.3387686666666667,0.47629231770833336,0.012806766273451953,0.0026064732370372325
polars_eager,filter,20GB,8.020333333333333,1.290441716364336,12039.57,438.116517378653,3511593.3333333335,578965.9902415109,27668206.0,20.0,3,11.757392578125,0.4278481615025908,3.5115933333333333,0.5878696289062499,0.16089626985964872,0.03638971469733994
dask,filter,20GB,14.954,0.645718855230355,11519.763333333334,906.4014874399386,1852551.3333333333,80955.41663368387,27668206.0,20.0,3,11.249768880208334,0.885157702578065,1.8525513333333332,0.5624884440104168,0.043180343401789154,0.07868230112134293
pandas,groupby,20GB,135.98706666666666,1.1843571941493563,11885.103333333333,91.15329140153675,203472.33333333334,1780.315234258625,27668206.0,20.0,3,11.606546223958333,0.08901688613431323,0.20347233333333334,0.5803273111979166,0.008709337021383575,0.007669541344742487
polars_lazy,groupby,20GB,4.890866666666667,0.12579675406517193,3627.9300000000003,156.82830771260626,5659570.0,143553.68710346663,27668206.0,20.0,3,3.5429003906250003,0.15315264425059205,5.65957,0.17714501953125,0.025720749028496366,0.04322804125564888
polars_eager,groupby,20GB,14.961766666666668,0.5556312116263208,11675.796666666667,172.65463136948682,1850935.0,67603.02979157073,27668206.0,20.0,3,11.402145182291667,0.16860803844676447,1.850935,0.5701072591145834,0.03713673819444144,0.01478739620932249
dask,groupby,20GB,3.759066666666667,0.06706208566196954,5513.886666666666,390.9891950339971,7361888.333333333,132688.5851621509,27668206.0,20.0,3,5.384654947916666,0.38182538577538777,7.361888333333333,0.2692327473958333,0.017840089471314564,0.07090990777842074
pandas,join,20GB,450.7615,9.214309204167185,11915.233333333332,195.98054299683247,61398.0,1247.3800543539246,27668206.0,20.0,3,11.635970052083332,0.1913872490203442,0.061398,0.5817985026041665,0.020441650860082736,0.0164478980406174
polars_lazy,join,20GB,28.766466666666663,0.6150626336669568,10645.8,723.9958320322023,962117.3333333334,20786.777584159925,27668206.0,20.0,3,10.3962890625,0.7070271797189476,0.9621173333333334,0.519814453125,0.021381236729350037,0.06800764921679933
polars_eager,join,20GB,11.129133333333334,0.7895566625222877,12370.653333333334,294.8462491423843,2494716.3333333335,182104.76083928542,27668206.0,20.0,3,12.080716145833334,0.28793579017810966,2.4947163333333333,0.6040358072916667,0.07094502679354676,0.023834331235190836
dask,join,20GB,120.90436666666666,2.8113388720204706,11479.156666666668,691.8623624922318,228927.33333333334,5394.127763905235,27668206.0,20.0,3,11.210113932291668,0.6756468383713201,0.22892733333333334,0.5605056966145834,0.02325258342216317,0.06027118390162504
pandas,pipeline,20GB,248.31726666666668,35.52753187801444,11666.11,241.07302316932868,112849.66666666667,14963.912333789362,27668206.0,20.0,3,11.392685546875,0.23542287418879754,0.11284966666666667,0.56963427734375,0.14307314330141,0.020664387972454287
polars_lazy,pipeline,20GB,8.442733333333335,0.43598307688869453,4724.21,7.045785974609781,3282858.6666666665,165431.55776433146,27668206.0,20.0,3,4.613486328125,0.006880650365829864,3.2828586666666664,0.23067431640625,0.05164003879731222,0.0014914209941153719
polars_eager,pipeline,20GB,22.98646666666667,0.28538010325412133,10123.996666666666,272.2540266613761,1203796.6666666667,14869.75898706278,27668206.0,20.0,3,9.886715494791666,0.2658730729115001,1.2037966666666668,0.4943357747395833,0.012415135714092116,0.026891951432360155
dask,pipeline,20GB,24.231166666666667,0.6667465060525868,4460.493333333333,425.73743320658735,1142421.6666666667,31489.094069746297,27668206.0,20.0,3,4.355950520833333,0.41575921211580796,1.1424216666666667,0.21779752604166663,0.027516071150209584,0.09544626600493833
