framework,workload,dataset_size,dataset_size_gb,mean_time_s,std_time_s,runtime_cv,mean_peak_memory_gb,std_peak_memory_gb,memory_cv,n_runs
polars_lazy,filter,5GB,5.0,2.6349666666666667,0.5389857357419893,0.20455125393439105,2.7336458333333336,0.05878697983272799,0.021504972998292446,3
polars_eager,filter,5GB,5.0,1.1532666666666667,0.053173803073819435,0.046107118683582374,3.21021484375,0.06233423681505385,0.01941746576133775,3
dask,filter,5GB,5.0,2.2589666666666663,0.014819356711184707,0.00656023700121798,4.689274088541667,0.07656328805530845,0.016327322013953576,3
pandas,filter,5GB,5.0,13.697166666666666,0.007322112627740444,0.0005345713318623398,4.745091145833333,0.03599916469523216,0.007586611845558128,3
polars_eager,filter,10GB,10.0,2.753366666666667,0.08543590189922111,0.031029612922078825,6.386367187499999,0.011008380645103816,0.001723731242176375,3
polars_lazy,filter,10GB,10.0,3.6227666666666667,0.09644025784563898,0.026620609804377585,5.028938802083333,0.02894095377294416,0.005754882871303747,3
dask,filter,10GB,10.0,4.7076,0.08208184939436981,0.017436028845774876,9.262041015625,0.36950444014156647,0.03989449404491029,3
pandas,filter,10GB,10.0,28.712933333333336,0.10299754042370775,0.0035871479666668587,8.587985026041666,0.12831415879480637,0.01494112511907212,3
polars_eager,filter,20GB,20.0,8.020333333333333,1.290441716364336,0.16089626985964872,11.757392578125,0.4278481615025908,0.03638971469733994,3
dask,filter,20GB,20.0,14.954,0.645718855230355,0.043180343401789154,11.249768880208334,0.885157702578065,0.07868230112134293,3
pandas,filter,20GB,20.0,196.3627,5.759176042629719,0.029329277111333873,11.604287109375,0.18432524135733672,0.01588423654292576,3
polars_lazy,filter,20GB,20.0,8.287866666666666,0.10614077130553332,0.012806766273451953,9.525846354166667,0.02482886358226411,0.0026064732370372325,3
polars_lazy,groupby,5GB,5.0,2.0560333333333336,0.03826151242872312,0.018609383324876272,2.5776236979166667,0.18101839259082658,0.07022684992271468,3
dask,groupby,5GB,5.0,1.0650666666666666,0.013428824718989263,0.012608435827794126,2.307451171875,0.019072320628440918,0.008265535956257328,3
polars_eager,groupby,5GB,5.0,1.7393,0.0124663547198049,0.007167455137011959,3.659358723958333,0.049346075478714266,0.013484897000023149,3
pandas,groupby,5GB,5.0,15.017066666666667,0.08246558878303983,0.005491457860148442,4.627672526041667,0.01768556934329274,0.0038216985414956093,3
polars_eager,groupby,10GB,10.0,4.062366666666667,0.08036767592342886,0.019783461838360772,7.575146484375,0.13214080346474238,0.01744399316070056,3
polars_lazy,groupby,10GB,10.0,3.042333333333333,0.05970270792295236,0.019623986388611493,3.5686295572916666,0.1644304393304591,0.04607663437480745,3
pandas,groupby,10GB,10.0,31.533200000000004,0.3086860703044446,0.00978924023900031,8.437080078125,0.07570602805099513,0.008973012861082093,3
dask,groupby,10GB,10.0,1.8945333333333334,0.013211484902664522,0.006973477146173827,4.140540364583333,0.051765490229974835,0.012502109790489642,3
polars_eager,groupby,20GB,20.0,14.961766666666668,0.5556312116263208,0.03713673819444144,11.402145182291667,0.16860803844676447,0.01478739620932249,3
polars_lazy,groupby,20GB,20.0,4.890866666666667,0.12579675406517193,0.025720749028496366,3.5429003906250003,0.15315264425059205,0.04322804125564888,3
dask,groupby,20GB,20.0,3.759066666666667,0.06706208566196954,0.017840089471314564,5.384654947916666,0.38182538577538777,0.07090990777842074,3
pandas,groupby,20GB,20.0,135.98706666666666,1.1843571941493563,0.008709337021383575,11.606546223958333,0.08901688613431323,0.007669541344742487,3
dask,join,5GB,5.0,14.672066666666666,0.9073047852476774,0.06183892193653774,10.745940755208332,0.27380025904522276,0.025479412671479462,3
polars_eager,join,5GB,5.0,1.7512666666666667,0.08340721391662317,0.047626792369307835,4.47490234375,0.07210606923900235,0.016113439735665147,3
pandas,join,5GB,5.0,23.29443333333333,0.1594325667275475,0.006844234605158064,6.278004557291666,0.10354769934126618,0.01649372796663542,3
polars_lazy,join,5GB,5.0,6.302066666666666,0.03747216744909877,0.005946012543361243,4.581344401041666,0.036415775128122316,0.007948709361348694,3
dask,join,10GB,10.0,62.95336666666666,2.84775598732289,0.04523596017352882,9.563616536458333,0.21460032937106663,0.022439244458722196,3
pandas,join,10GB,10.0,44.812466666666666,0.5394635977833289,0.012038248235609932,10.862063802083334,0.10858897963916178,0.00999708541744475,3
polars_eager,join,10GB,10.0,3.4277333333333337,0.03944570107544458,0.011507809167023274,7.521962890625001,0.058365731461267625,0.007759375087320859,3
polars_lazy,join,10GB,10.0,9.442300000000001,0.09787394954736349,0.01036547764287975,7.791220703125,0.02744756207366768,0.0035228833990877282,3
polars_eager,join,20GB,20.0,11.129133333333334,0.7895566625222877,0.07094502679354676,12.080716145833334,0.28793579017810966,0.023834331235190836,3
dask,join,20GB,20.0,120.90436666666666,2.8113388720204706,0.02325258342216317,11.210113932291668,0.6756468383713201,0.06027118390162504,3
polars_lazy,join,20GB,20.0,28.766466666666663,0.6150626336669568,0.021381236729350037,10.3962890625,0.7070271797189476,0.06800764921679933,3
pandas,join,20GB,20.0,450.7615,9.214309204167185,0.020441650860082736,11.635970052083332,0.1913872490203442,0.0164478980406174,3
polars_lazy,pipeline,5GB,5.0,5.434233333333334,0.05305396623564791,0.009762916492786084,3.443424479166667,0.009220355050400997,0.002677670181583999,3
dask,pipeline,5GB,5.0,21.166700000000002,0.11908803466343676,0.005626197501898584,3.794287109375,0.13717301311774682,0.036152512754982886,3
polars_eager,pipeline,5GB,5.0,2.542866666666667,0.011922387903995264,0.00468856195265,4.11236328125,0.020058743514381167,0.004877668178255906,3
pandas,pipeline,5GB,5.0,18.902966666666668,0.06869791360247722,0.0036342397896526233,5.6244889322916665,0.02548352583252527,0.00453081624647133,3
dask,pipeline,10GB,10.0,24.7833,2.1049737314275436,0.08493516728714673,3.7681119791666666,0.5068962668752456,0.13452261229968748,3
polars_eager,pipeline,10GB,10.0,4.821766666666666,0.07164142191032591,0.014857919692711368,7.92388671875,0.041545531745764544,0.005243074922746799,3
polars_lazy,pipeline,10GB,10.0,6.450466666666666,0.04955000840901372,0.007681616070518989,4.1907747395833335,0.05664570486155375,0.013516762026485283,3
pandas,pipeline,10GB,10.0,36.522666666666666,0.1532356790481028,0.004195632275338679,9.304075520833335,0.06739833404602597,0.007243958187474957,3
pandas,pipeline,20GB,20.0,248.31726666666668,35.52753187801444,0.14307314330141,11.392685546875,0.23542287418879754,0.020664387972454287,3
polars_lazy,pipeline,20GB,20.0,8.442733333333335,0.43598307688869453,0.05164003879731222,4.613486328125,0.006880650365829864,0.0014914209941153719,3
dask,pipeline,20GB,20.0,24.231166666666667,0.6667465060525868,0.027516071150209584,4.355950520833333,0.41575921211580796,0.09544626600493833,3
polars_eager,pipeline,20GB,20.0,22.98646666666667,0.28538010325412133,0.012415135714092116,9.886715494791666,0.2658730729115001,0.026891951432360155,3
